feature_name,variance
Cells_AreaShape_Area,
Cells_AreaShape_BoundingBoxArea,
Cells_AreaShape_BoundingBoxMaximum_X,
Cells_AreaShape_BoundingBoxMaximum_Y,
Cells_AreaShape_BoundingBoxMinimum_X,
Cells_AreaShape_BoundingBoxMinimum_Y,
Cells_AreaShape_Center_X,
Cells_AreaShape_Center_Y,
Cells_AreaShape_Compactness,
Cells_AreaShape_ConvexArea,
Cells_AreaShape_Eccentricity,
Cells_AreaShape_EquivalentDiameter,
Cells_AreaShape_EulerNumber,
Cells_AreaShape_Extent,
Cells_AreaShape_FormFactor,
Cells_AreaShape_MajorAxisLength,
Cells_AreaShape_MaxFeretDiameter,
Cells_AreaShape_MaximumRadius,
Cells_AreaShape_MeanRadius,
Cells_AreaShape_MedianRadius,
Cells_AreaShape_MinFeretDiameter,
Cells_AreaShape_MinorAxisLength,
Cells_AreaShape_Orientation,
Cells_AreaShape_Perimeter,
Cells_AreaShape_Solidity,
Cells_AreaShape_Zernike_0_0,
Cells_AreaShape_Zernike_1_1,
Cells_AreaShape_Zernike_2_0,
Cells_AreaShape_Zernike_2_2,
Cells_AreaShape_Zernike_3_1,
Cells_AreaShape_Zernike_3_3,
Cells_AreaShape_Zernike_4_0,
Cells_AreaShape_Zernike_4_2,
Cells_AreaShape_Zernike_4_4,
Cells_AreaShape_Zernike_5_1,
Cells_AreaShape_Zernike_5_3,
Cells_AreaShape_Zernike_5_5,
Cells_AreaShape_Zernike_6_0,
Cells_AreaShape_Zernike_6_2,
Cells_AreaShape_Zernike_6_4,
Cells_AreaShape_Zernike_6_6,
Cells_AreaShape_Zernike_7_1,
Cells_AreaShape_Zernike_7_3,
Cells_AreaShape_Zernike_7_5,
Cells_AreaShape_Zernike_7_7,
Cells_AreaShape_Zernike_8_0,
Cells_AreaShape_Zernike_8_2,
Cells_AreaShape_Zernike_8_4,
Cells_AreaShape_Zernike_8_6,
Cells_AreaShape_Zernike_8_8,
